time,temp
 2:10,76.2
 2:11,76.0
 2:11,76.0
 2:11,75.9
 2:11,75.8
 2:11,75.7
 2:11,75.5
 2:12,75.5
 2:12,75.4
 2:12,75.4
 2:12,75.3
 2:12,75.2
 2:13,75.2
 2:14,74.8
 2:14,74.8
 2:14,74.6
 2:14,74.6
 2:15,74.5
 2:15,74.6
 2:15,74.6
 2:15,74.5
 2:15,74.5
 2:15,74.5
 2:16,74.5
 2:16,74.5
 2:16,74.4
 2:16,74.3
 2:16,74.3
 2:17,74.2
 2:17,74.3
 2:17,74.2
 2:17,74.1
 2:17,74.1
 2:17,74.0
 2:18,74.0
 2:18,73.8
 2:18,73.8
 2:18,73.7
 2:18,73.8
 2:19,73.8
 2:19,73.6
 2:19,73.7
 2:19,73.6
 2:19,73.6
 2:20,73.6
 2:20,73.5
 2:20,73.7
 2:20,73.6
 2:20,73.6
 2:20,73.6
 2:21,73.6
 2:21,73.6
 2:21,73.5
 2:21,73.5
 2:21,73.5
 2:21,73.5
 2:22,73.6
 2:22,73.6
 2:22,73.5
 2:22,73.6
 2:22,73.5
 2:22,73.5
 2:23,73.4
 2:23,73.5
 2:23,73.5
 2:23,73.5
 2:23,73.5
 2:24,73.5
 2:24,73.5
 2:24,73.4
 2:24,73.4
 2:24,73.4
 2:24,73.4
 2:25,73.4
 2:25,73.4
 2:25,73.3
 2:25,73.3
 2:25,73.2
 2:25,73.3
 2:26,73.4
 2:26,73.3
 2:26,73.3
 2:26,73.3
 2:26,73.3
 2:27,73.3
 2:27,73.3
 2:27,73.4
 2:27,73.4
 2:27,73.5
 2:27,73.4
 2:28,73.3
 2:28,73.4
 2:28,73.3
 2:28,73.4
 2:28,73.4
 2:28,73.4
 2:29,73.5
 2:29,73.5
 2:29,73.5
 2:29,73.5
 2:29,73.5
 2:29,73.5
 2:30,73.6
 2:30,73.6
 2:30,73.6
 2:30,73.6
 2:30,73.5
 2:31,73.5
 2:31,73.5
 2:31,73.5
 2:31,73.5
 2:31,73.5
 2:31,73.5
 2:32,73.4
 2:32,73.4
 2:32,73.5
 2:32,73.4
 2:32,73.5
 2:32,73.5
 2:33,73.5
 2:33,73.5
 2:33,73.5
 2:33,73.5
 2:33,73.4
 2:34,73.4
 2:34,73.3
 2:34,73.4
 2:34,73.4
 2:34,73.3
 2:34,73.4
 2:35,73.3
 2:35,73.3
 2:35,73.1
 2:35,73.2
 2:35,73.2
 2:35,73.2
 2:36,73.3
 2:36,73.3
 2:36,73.3
 2:36,73.2
 2:36,73.3
 2:36,73.2
 2:37,73.3
 2:37,73.2
 2:37,73.2
 2:37,73.3
 2:37,73.3
 2:38,73.2
 2:38,73.2
 2:38,73.2
 2:38,73.2
 2:38,73.2
 2:38,73.2
 2:39,73.2
 2:39,73.1
 2:39,73.1
 2:39,73.1
 2:39,73.1
 2:39,73.0
 2:40,73.1
 2:40,73.1
 2:40,73.0
 2:40,73.0
 2:40,73.0
 2:41,73.0
 2:41,73.1
 2:41,73.1
 2:41,73.1
 2:41,73.1
 2:41,73.1
 2:42,73.1
 2:42,73.1
 2:42,73.3
 2:42,73.2
 2:42,73.3
 2:42,73.3
 2:43,73.3
 2:43,73.3
 2:43,73.3
 2:43,73.3
 2:43,73.3
 2:43,73.3
 2:44,73.3
 2:44,73.3
 2:44,73.3
 2:44,73.4
 2:44,73.3
 2:45,73.4
 2:45,73.4
 2:45,73.5
 2:45,73.3
 2:45,73.4
 2:45,73.3
 2:46,73.3
 2:46,73.3
 2:46,73.2
 2:46,73.2
 2:46,73.1
 2:46,73.2
 2:47,73.2
 2:47,73.1
 2:47,73.1
 2:47,73.1
 2:47,73.0
 2:48,72.8
 2:48,72.8
 2:48,72.8
 2:48,72.8
 2:48,72.6
 2:48,72.7
 2:49,72.6
 2:49,72.6
 2:49,72.6
 2:49,72.6
 2:49,72.5
 2:49,72.5
 2:50,72.5
 2:50,72.6
 2:50,72.5
 2:50,72.6
 2:50,72.6
 2:51,72.6
 2:51,72.7
 2:51,72.7
 2:51,72.6
 2:51,72.7
 2:51,72.8
 2:52,72.7
 2:52,72.7
 2:52,72.8
 2:52,72.8
 2:52,72.8
 2:52,72.7
 2:53,73.0
 2:53,73.0
 2:53,73.0
 2:53,73.0
 2:53,73.0
 2:53,73.0
 2:54,73.0
 2:54,73.1
 2:54,73.0
 2:54,73.0
 2:54,73.0
 2:55,73.0
 2:55,73.0
 2:55,73.0
 2:55,72.8
 2:55,73.0
 2:55,72.8
 2:56,72.7
 2:56,72.8
 2:56,72.8
 2:56,72.7
 2:56,72.7
 2:56,72.8
 2:57,72.8
 2:57,72.7
 2:57,72.7
 2:57,72.7
 2:57,72.6
 2:58,72.6
 2:58,72.6
 2:58,72.6
 2:58,72.6
 2:58,72.7
 2:58,72.7
 2:59,72.7
 2:59,72.8
 2:59,72.8
 2:59,73.0
 2:59,73.0
 2:59,73.0
 3:00,73.1
 3:00,73.1
 3:00,73.0
 3:00,73.0
 3:00,73.0
 3:00,73.0
 3:01,73.0
 3:01,73.0
 3:01,73.0
 3:01,72.8
 3:01,73.0
 3:02,73.1
 3:02,73.1
 3:02,73.1
 3:02,73.1
 3:02,73.2
 3:02,73.1
 3:03,73.1
 3:03,73.1
 3:03,73.0
 3:03,73.0
 3:03,73.0
 3:03,73.0
 3:04,73.0
 3:04,73.0
 3:04,73.0
 3:04,73.0
 3:04,73.0
 3:05,73.0
 3:05,73.1
 3:05,73.1
 3:05,73.2
 3:05,73.1
 3:05,73.1
 3:06,73.1
 3:06,73.0
 3:06,73.0
 3:06,72.8
 3:06,73.0
 3:06,72.8
 3:07,72.8
 3:07,72.7
 3:07,72.8
 3:07,72.7
 3:07,72.8
 3:07,72.7
 3:08,72.7
 3:08,72.7
 3:08,72.7
 3:08,72.7
 3:08,72.6
 3:09,72.6
 3:09,72.6
 3:09,72.6
 3:09,72.7
 3:09,72.6
 3:09,72.6
 3:10,72.6
 3:10,72.7
 3:10,72.6
 3:10,72.7
 3:10,72.7
 3:10,72.7
 3:11,72.8
 3:11,72.7
 3:11,72.7
 3:11,72.6
 3:11,72.7
 3:12,72.7
 3:12,72.8
 3:12,72.7
 3:12,72.7
 3:12,72.6
 3:12,72.7
 3:13,72.7
 3:13,72.8
 3:13,72.7
 3:13,72.7
 3:13,72.7
 3:13,72.7
 3:14,72.7
 3:14,72.6
 3:14,72.5
 3:14,72.6
 3:14,72.6
 3:15,72.6
 3:15,72.6
 3:15,72.6
 3:15,72.6
 3:15,72.6
 3:15,72.6
 3:16,72.6
 3:16,72.5
 3:16,72.6
 3:16,72.4
 3:16,72.6
 3:16,72.5
 3:17,72.4
 3:17,72.4
 3:17,72.4
 3:17,72.4
 3:17,72.5
 3:17,72.4
 3:18,72.5
 3:18,72.4
 3:18,72.5
 3:18,72.5
 3:18,72.5
 3:19,72.5
 3:19,72.4
 3:19,72.3
 3:19,72.3
 3:19,72.4
 3:19,72.4
 3:20,72.3
 3:20,72.4
 3:20,72.4
 3:20,72.4
 3:20,72.4
 3:20,72.5
 3:21,72.7
 3:21,72.6
 3:21,72.7
 3:21,72.6
 3:21,72.7
 3:22,72.6
 3:22,72.7
 3:22,72.6
 3:22,72.7
 3:22,72.7
 3:22,72.6
 3:23,72.7
 3:23,72.7
 3:23,72.7
 3:23,72.7
 3:23,72.6
 3:23,72.6
 3:24,72.6
 3:24,72.6
 3:24,72.5
 3:24,72.4
 3:24,72.5
 3:24,72.5
 3:25,72.4
 3:25,72.4
 3:25,72.3
 3:25,72.3
 3:25,72.4
 3:26,72.4
 3:26,72.3
 3:26,72.4
 3:26,72.3
 3:26,72.3
 3:26,72.3
 3:27,72.3
 3:27,72.2
 3:27,72.3
 3:27,72.3
 3:27,72.3
 3:27,72.3
 3:28,72.4
 3:28,72.3
 3:28,72.3
 3:28,72.3
 3:28,72.3
 3:29,72.4
 3:29,72.4
 3:29,72.4
 3:29,72.4
 3:29,72.4
 3:29,72.4
 3:30,72.4
 3:30,72.4
 3:30,72.4
 3:30,72.4
 3:30,72.4
 3:30,72.4
 3:31,72.4
 3:31,72.4
 3:31,72.4
 3:31,72.5
 3:31,72.5
 3:32,72.5
 3:32,72.4
 3:32,72.4
 3:32,72.4
 3:32,72.5
 3:32,72.3
 3:33,72.4
 3:33,72.5
 3:33,72.4
 3:33,72.5
 3:33,72.6
 3:33,72.6
 3:34,72.5
 3:34,72.6
 3:34,72.6
 3:34,72.6
 3:34,72.7
 3:34,72.7
 3:35,72.7
 3:35,72.5
 3:35,72.7
 3:35,72.7
 3:35,72.7
 3:36,72.6
 3:36,72.7
 3:36,72.6
 3:36,72.6
 3:36,72.6
 3:36,72.6
 3:37,72.5
 3:37,72.6
 3:37,72.6
 3:37,72.6
 3:37,72.6
 3:37,72.7
 3:38,72.7
 3:38,72.6
 3:38,72.6
 3:38,72.7
 3:38,72.8
 3:39,72.7
 3:39,72.8
 3:39,72.7
 3:39,72.7
 3:39,72.7
 3:39,72.7
 3:40,72.6
 3:40,72.6
 3:40,72.4
 3:40,72.5
 3:40,72.5
 3:40,72.5
 3:41,72.5
 3:41,72.6
 3:41,72.5
 3:41,72.6
 3:41,72.6
 3:41,72.5
 3:42,72.6
 3:42,72.7
 3:42,72.6
 3:42,72.7
 3:42,72.7
 3:43,72.6
 3:43,72.7
 3:43,72.7
 3:43,72.6
 3:43,72.7
 3:43,72.7
 3:44,72.7
 3:44,72.6
 3:44,72.6
 3:44,72.6
 3:44,72.5
 3:44,72.6
 3:45,72.5
 3:45,72.4
 3:45,72.5
 3:45,72.5
 3:45,72.4
 3:46,72.4
 3:46,72.5
 3:46,72.4
 3:46,72.5
 3:46,72.5
 3:46,72.5
 3:47,72.6
 3:47,72.6
 3:47,72.6
 3:47,72.5
 3:47,72.5
 3:47,72.4
 3:48,72.4
 3:48,72.4
 3:48,72.4
 3:48,72.4
 3:48,72.4
 3:48,72.4
 3:49,72.4
 3:49,72.3
 3:49,72.4
 3:49,72.4
 3:49,72.3
 3:50,72.3
 3:50,72.3
 3:50,72.3
 3:50,72.2
 3:50,72.2
 3:50,72.0
 3:51,72.0
 3:51,72.0
 3:51,72.0
 3:51,72.0
 3:51,72.0
 3:51,71.8
 3:52,71.9
 3:52,71.9
 3:52,71.9
 3:52,71.9
 3:52,72.0
 3:53,72.0
 3:53,72.0
 3:53,72.2
 3:53,72.0
 3:53,72.0
 3:53,72.2
 3:54,72.2
 3:54,72.2
 3:54,72.2
 3:54,72.0
 3:54,71.9
 3:54,72.0
 3:55,71.9
 3:55,71.9
 3:55,71.9
 3:55,71.9
 3:55,71.8
 3:56,71.7
 3:56,71.8
 3:56,71.8
 3:56,71.8
 3:56,71.7
 3:56,71.8
 3:57,71.7
 3:57,71.8
 3:57,71.9
 3:57,71.8
 3:57,71.8
 3:57,71.8
 3:58,71.8
 3:58,71.8
 3:58,71.8
 3:58,71.8
 3:58,71.8
 3:58,71.7
 3:59,71.8
 3:59,71.8
 3:59,71.8
 3:59,71.8
 3:59,71.9
 4:00,71.9
 4:00,71.9
 4:00,72.0
 4:00,72.0
 4:00,71.9
 4:00,71.9
 4:01,72.0
 4:01,71.9
 4:01,72.0
 4:01,72.0
 4:01,72.0
 4:01,72.0
 4:02,71.9
 4:02,72.0
 4:02,72.0
 4:02,72.0
 4:02,72.2
 4:03,72.0
 4:03,72.2
 4:03,72.0
 4:03,72.0
 4:03,72.0
 4:03,72.2
 4:04,72.0
 4:04,72.2
 4:04,72.2
 4:04,72.3
 4:04,72.2
 4:04,72.2
 4:05,72.2
 4:05,72.2
 4:05,72.0
 4:05,72.0
 4:05,72.0
 4:05,72.2
 4:06,72.2
 4:06,72.0
 4:06,72.0
 4:06,72.0
 4:06,72.0
 4:07,72.2
 4:07,72.0
 4:07,72.2
 4:07,72.2
 4:07,72.2
 4:07,72.3
 4:08,72.3
 4:08,72.3
 4:08,72.3
 4:08,72.4
 4:08,72.4
 4:08,72.4
 4:09,72.4
 4:09,72.4
 4:09,72.4
 4:09,72.3
 4:09,72.3
 4:10,72.2
 4:10,72.2
 4:10,72.2
 4:10,72.0
 4:10,72.0
 4:10,72.0
 4:11,72.0
 4:11,72.2
 4:11,72.3
 4:11,72.2
 4:11,72.3
 4:11,72.3
 4:12,72.3
 4:12,72.3
 4:12,72.3
 4:12,72.3
 4:12,72.4
 4:13,72.3
 4:13,72.2
 4:13,72.3
 4:13,72.4
 4:13,72.3
 4:13,72.4
 4:14,72.3
 4:14,72.3
 4:14,72.3
 4:14,72.3
 4:14,72.3
 4:14,72.3
 4:15,72.4
 4:15,72.4
 4:15,72.5
 4:15,72.5
 4:15,72.5
 4:15,72.6
 4:16,72.5
 4:16,72.7
 4:16,72.7
 4:16,72.7
 4:16,72.8
 4:17,73.0
 4:17,72.8
 4:17,73.0
 4:17,73.1
 4:17,73.2
 4:17,73.2
 4:18,73.2
 4:18,73.2
 4:18,73.3
 4:18,73.2
 4:18,73.2
 4:18,73.2
 4:19,73.3
 4:19,73.3
 4:19,73.3
 4:19,73.4
 4:19,73.3
 4:20,73.4
 4:20,73.3
 4:20,73.3
 4:20,73.3
 4:20,73.3
 4:20,73.3
 4:21,73.2
 4:21,73.2
 4:21,73.1
 4:21,73.1
 4:21,73.0
 4:22,73.0
 4:22,73.1
 4:22,73.1
 4:22,73.0
 4:22 AM,73.0
 4:22 AM,73.0
 4:23 AM,72.8
 4:23 AM,72.8
 4:23 AM,72.8
 4:23 AM,72.7
 4:23 AM,72.6
 4:24 AM,72.7
 4:24 AM,72.6
 4:24 AM,72.6
 4:24 AM,72.6
 4:24 AM,72.6
 4:24 AM,72.5
 4:25 AM,72.5
 4:25 AM,72.5
 4:25 AM,72.5
 4:25 AM,72.5
 4:25 AM,72.6
 4:25 AM,72.5
 4:26 AM,72.6
 4:26 AM,72.6
 4:26 AM,72.6
 4:26 AM,72.6
 4:26 AM,72.6
 4:27 AM,72.6
 4:27 AM,72.6
 4:27 AM,72.6
 4:27 AM,72.7
 4:27 AM,72.7
 4:27 AM,72.6
 4:28 AM,72.7
 4:28 AM,72.7
 4:28 AM,72.6
 4:28 AM,72.6
 4:28 AM,72.6
 4:28 AM,72.6
 4:29 AM,72.7
 4:29 AM,72.7
 4:29 AM,72.8
 4:29 AM,72.8
 4:29 AM,72.7
 4:29 AM,72.7
 4:30 AM,72.8
 4:30 AM,72.7
 4:30 AM,72.8
 4:30 AM,72.8
 4:30 AM,73.0
 4:31 AM,73.0
 4:31 AM,73.0
 4:31 AM,73.0
 4:31 AM,73.0
 4:31 AM,73.1
 4:31 AM,73.1
 4:32 AM,73.0
 4:32 AM,73.1
 4:32 AM,73.1
 4:32 AM,73.1
 4:32 AM,73.1
 4:32 AM,73.0
 4:33 AM,73.1
 4:33 AM,73.1
 4:33 AM,73.0
 4:33 AM,73.1
 4:33 AM,73.0
 4:34 AM,73.0
 4:34 AM,73.0
 4:34 AM,73.0
 4:34 AM,73.1
 4:34 AM,73.0
 4:34 AM,73.0
 4:35 AM,73.0
 4:35 AM,73.1
 4:35 AM,73.0
 4:35 AM,73.0
 4:35 AM,73.0
 4:35 AM,73.0
 4:36 AM,73.1
 4:36 AM,73.0
 4:36 AM,73.0
 4:36 AM,73.0
 4:36 AM,73.0
 4:36 AM,73.0
 4:37 AM,72.8
 4:37 AM,72.8
 4:37 AM,72.8
 4:37 AM,72.8
 4:37 AM,72.8
 4:38 AM,72.7
 4:38 AM,72.7
 4:38 AM,72.8
 4:38 AM,72.8
 4:38 AM,72.8
 4:38 AM,72.8
 4:39 AM,72.8
 4:39 AM,72.8
 4:39 AM,72.7
 4:39 AM,73.0
 4:39 AM,72.7
 4:39 AM,72.7
 4:40 AM,72.7
 4:40 AM,72.7
 4:40 AM,72.7
 4:40 AM,72.5
 4:40 AM,72.5
 4:41 AM,72.5
 4:41 AM,72.4
 4:41 AM,72.4
 4:41 AM,72.4
 4:41 AM,72.4
 4:41 AM,72.4
 4:42 AM,72.4
 4:42 AM,72.4
 4:42 AM,72.3
 4:42 AM,72.3
 4:42 AM,72.3
 4:42 AM,72.3
 4:43 AM,72.4
 4:43 AM,72.3
 4:43 AM,72.2
 4:43 AM,72.3
 4:43 AM,72.2
 4:44 AM,72.2
 4:44 AM,72.3
 4:44 AM,72.2
 4:44 AM,72.0
 4:44 AM,72.2
 4:44 AM,72.2
 4:45 AM,72.2
 4:45 AM,72.2
 4:45 AM,72.0
 4:45 AM,72.2
 4:45 AM,72.2
 4:45 AM,72.2
 4:46 AM,72.2
 4:46 AM,72.2
 4:46 AM,72.2
 4:46 AM,72.2
 4:46 AM,72.2
 4:46 AM,72.2
 4:47 AM,72.0
 4:47 AM,72.2
 4:47 AM,72.2
 4:47 AM,72.2
 4:47 AM,72.3
 4:48 AM,72.3
 4:48 AM,72.3
 4:48 AM,72.3
 4:48 AM,72.3
 4:48 AM,72.3
 4:48 AM,72.3
 4:49 AM,72.4
 4:49 AM,72.4
 4:49 AM,72.4
 4:49 AM,72.4
 4:49 AM,72.4
 4:49 AM,72.5
 4:50 AM,72.6
 4:50 AM,72.6
 4:50 AM,72.6
 4:50 AM,72.6
 4:50 AM,72.6
 4:51 AM,72.6
 4:51 AM,72.6
 4:51 AM,72.6
 4:51 AM,72.7
 4:51 AM,72.7
 4:51 AM,72.7
 4:52 AM,72.7
 4:52 AM,72.7
 4:52 AM,72.8
 4:52 AM,72.7
 4:52 AM,72.6
 4:52 AM,72.7
 4:53 AM,72.7
 4:53 AM,72.6
 4:53 AM,72.6
 4:53 AM,72.6
 4:53 AM,72.6
 4:53 AM,72.6
 4:54 AM,72.7
 4:54 AM,72.6
 4:54 AM,72.6
 4:54 AM,72.6
 4:54 AM,72.7
 4:55 AM,72.6
 4:55 AM,72.6
 4:55 AM,72.6
 4:55 AM,72.6
 4:55 AM,72.6
 4:55 AM,72.6
 4:56 AM,72.6
 4:56 AM,72.6
 4:56 AM,72.5
 4:56 AM,72.5
 4:56 AM,72.5
 4:56 AM,72.6
 4:57 AM,72.6
 4:57 AM,72.6
 4:57 AM,72.5
 4:57 AM,72.6
 4:57 AM,72.6
 4:58 AM,72.6
 4:58 AM,72.6
 4:58 AM,72.7
 4:58 AM,72.6
 4:58 AM,72.7
 4:58 AM,72.7
 4:59 AM,72.7
 4:59 AM,72.7
 4:59 AM,72.6
 4:59 AM,72.6
 4:59 AM,72.7
 4:59 AM,72.6
 5:00 AM,72.6
 5:00 AM,72.5
 5:00 AM,72.6
 5:00 AM,72.5
 5:00 AM,72.6
 5:01 AM,72.6
 5:01 AM,72.5
 5:01 AM,72.5
 5:01 AM,72.6
 5:01 AM,72.5
 5:01 AM,72.6
 5:02 AM,72.5
 5:02 AM,72.4
 5:02 AM,72.3
 5:02 AM,72.4
 5:02 AM,72.2
 5:02 AM,72.2
 5:03 AM,72.0
 5:03 AM,72.0
 5:03 AM,72.0
 5:03 AM,72.0
 5:03 AM,71.9
 5:03 AM,71.9
 5:04 AM,71.9
 5:04 AM,71.8
 5:04 AM,71.7
 5:04 AM,71.7
 5:04 AM,71.7
 5:05 AM,71.7
 5:05 AM,71.6
 5:05 AM,71.6
 5:05 AM,71.6
 5:05 AM,71.5
 5:05 AM,71.5
 5:06 AM,71.5
 5:06 AM,71.5
 5:06 AM,71.4
 5:06 AM,71.5
 5:06 AM,71.4
 5:06 AM,71.5
 5:07 AM,71.4
 5:07 AM,71.4
 5:07 AM,71.4
 5:07 AM,71.4
 5:07 AM,71.5
 5:08 AM,71.5
 5:08 AM,71.5
 5:08 AM,71.5
 5:08 AM,71.5
 5:08 AM,71.5
 5:08 AM,71.6
 5:09 AM,71.6
 5:09 AM,71.6
 5:09 AM,71.4
 5:09 AM,71.4
 5:09 AM,71.5
 5:09 AM,71.5
 5:10 AM,71.4
 5:10 AM,71.4
 5:10 AM,71.4
 5:10 AM,71.5
 5:10 AM,71.4
 5:10 AM,71.5
 5:11 AM,71.5
 5:11 AM,71.6
 5:11 AM,71.6
 5:11 AM,71.6
 5:11 AM,71.6
 5:12 AM,71.5
 5:12 AM,71.5
 5:12 AM,71.6
 5:12 AM,71.6
 5:12 AM,71.6
 5:12 AM,71.5
 5:13 AM,71.4
 5:13 AM,71.5
 5:13 AM,71.5
 5:13 AM,71.4
 5:13 AM,71.4
 5:13 AM,71.4
 5:14 AM,71.5
 5:14 AM,71.5
 5:14 AM,71.5
 5:14 AM,71.5
 5:14 AM,71.5
 5:15 AM,71.5
 5:15 AM,71.5
 5:15 AM,71.4
 5:15 AM,71.3
 5:15 AM,71.4
 5:15 AM,71.3
 5:16 AM,71.3
 5:16 AM,71.3
 5:16 AM,71.3
 5:16 AM,71.3
 5:16 AM,71.3
 5:16 AM,71.3
 5:17 AM,71.2
 5:17 AM,71.3
 5:17 AM,71.2
 5:17 AM,71.3
 5:17 AM,71.2
 5:17 AM,71.3
 5:18 AM,71.3
 5:18 AM,71.3
 5:18 AM,71.3
 5:18 AM,71.3
 5:18 AM,71.3
 5:19 AM,71.4
 5:19 AM,71.3
 5:19 AM,71.3
 5:19 AM,71.4
 5:19 AM,71.3
 5:19 AM,71.3
 5:20 AM,71.3
 5:20 AM,71.4
 5:20 AM,71.4
 5:20 AM,71.3
 5:20 AM,71.4
 5:20 AM,71.4
 5:21 AM,71.5
 5:21 AM,71.5
 5:21 AM,71.5
 5:21 AM,71.5
 5:21 AM,71.4
 5:22 AM,71.4
 5:22 AM,71.5
 5:22 AM,71.4
 5:22 AM,71.5
 5:22 AM,71.4
 5:22 AM,71.5
 5:23 AM,71.5
 5:23 AM,71.5
 5:23 AM,71.6
 5:23 AM,71.5
 5:23 AM,71.4
 5:23 AM,71.3
 5:24 AM,71.4
 5:24 AM,71.3
 5:24 AM,71.3
 5:24 AM,71.4
 5:24 AM,71.4
 5:24 AM,71.4
 5:25 AM,71.4
 5:25 AM,71.4
 5:25 AM,71.4
 5:25 AM,71.4
 5:25 AM,71.5
 5:26 AM,71.4
 5:26 AM,71.4
 5:26 AM,71.4
 5:26 AM,71.5
 5:26 AM,71.4
 5:26 AM,71.4
 5:27 AM,71.4
 5:27 AM,71.4
 5:27 AM,71.4
 5:27 AM,71.3
 5:27 AM,71.3
 5:27 AM,71.4
 5:28 AM,71.4
 5:28 AM,71.4
 5:28 AM,71.4
 5:28 AM,71.4
 5:28 AM,71.3
 5:29 AM,71.4
 5:29 AM,71.4
 5:29 AM,71.4
 5:29 AM,71.4
 5:29 AM,71.5
 5:29 AM,71.4
 5:30 AM,71.4
 5:30 AM,71.4
 5:30 AM,71.4
 5:30 AM,71.3
 5:30 AM,71.3
 5:30 AM,71.4
 5:31 AM,71.5
 5:31 AM,71.4
 5:31 AM,71.5
 5:31 AM,71.4
 5:31 AM,71.5
 5:32 AM,71.5
 5:32 AM,71.4
 5:32 AM,71.4
 5:32 AM,71.5
 5:32 AM,71.6
 5:32 AM,71.6
 5:33 AM,71.6
 5:33 AM,71.6
 5:33 AM,71.5
 5:33 AM,71.6
 5:33 AM,71.6
 5:33 AM,71.6
 5:34 AM,71.6
 5:34 AM,71.6
 5:34 AM,71.5
 5:34 AM,71.6
 5:34 AM,71.6
 5:34 AM,71.6
 5:35 AM,71.6
 5:35 AM,71.6
 5:35 AM,71.6
 5:35 AM,71.5
 5:35 AM,71.6
 5:36 AM,71.5
 5:36 AM,71.5
 5:36 AM,71.5
 5:36 AM,71.5
 5:36 AM,71.5
 5:36 AM,71.5
 5:37 AM,71.5
 5:37 AM,71.5
 5:37 AM,71.5
 5:37 AM,71.5
 5:37 AM,71.5
 5:37 AM,71.5
 5:38 AM,71.6
 5:38 AM,71.6
 5:38 AM,71.6
 5:38 AM,71.6
 5:38 AM,71.6
 5:39 AM,71.6
 5:39 AM,71.6
 5:39 AM,71.6
 5:39 AM,71.6
 5:39 AM,71.5
 5:39 AM,71.5
 5:40 AM,71.5
 5:40 AM,71.6
 5:40 AM,71.5
 5:40 AM,71.4
 5:40 AM,71.5
 5:40 AM,71.5
 5:41 AM,71.4
 5:41 AM,71.5
 5:41 AM,71.5
 5:41 AM,71.4
 5:41 AM,71.4
 5:41 AM,71.4
 5:42 AM,71.5
 5:42 AM,71.4
 5:42 AM,71.5
 5:42 AM,71.5
 5:42 AM,71.5
 5:43 AM,71.4
 5:43 AM,71.5
 5:43 AM,71.3
 5:43 AM,71.4
 5:43 AM,71.4
 5:43 AM,71.4
 5:44 AM,71.4
 5:44 AM,71.4
 5:44 AM,71.4
 5:44 AM,71.3
 5:44 AM,71.4
 5:44 AM,71.3
 5:45 AM,71.4
 5:45 AM,71.4
 5:45 AM,71.3
 5:45 AM,71.3
 5:45 AM,71.2
 5:46 AM,71.2
 5:46 AM,71.3
 5:46 AM,71.3
 5:46 AM,71.4
 5:46 AM,71.3
 5:46 AM,71.4
 5:47 AM,71.4
 5:47 AM,71.4
 5:47 AM,71.5
 5:47 AM,71.4
 5:47 AM,71.4
 5:47 AM,71.5
 5:48 AM,71.4
 5:48 AM,71.5
 5:48 AM,71.4
 5:48 AM,71.4
 5:48 AM,71.3
 5:48 AM,71.3
 5:49 AM,71.3
 5:49 AM,71.0
 5:49 AM,71.2
 5:49 AM,71.0
 5:49 AM,71.0
 5:50 AM,71.0
 5:50 AM,70.9
 5:50 AM,70.9
 5:50 AM,70.8
 5:50 AM,71.0
 5:50 AM,71.0
 5:51 AM,71.0
 5:51 AM,70.9
 5:51 AM,71.0
 5:51 AM,71.0
 5:51 AM,71.0
 5:51 AM,71.2
 5:52 AM,71.0
 5:52 AM,71.2
 5:52 AM,71.2
 5:52 AM,71.0
 5:52 AM,71.0
 5:53 AM,70.9
 5:53 AM,70.9
 5:53 AM,70.8
 5:53 AM,70.9
 5:53 AM,70.9
 5:53 AM,70.8
 5:54 AM,70.8
 5:54 AM,70.8
 5:54 AM,70.8
 5:54 AM,70.8
 5:54 AM,70.7
 5:54 AM,70.7
 5:55 AM,70.7
 5:55 AM,70.7
 5:55 AM,70.6
 5:55 AM,70.6
 5:55 AM,70.6
 5:55 AM,70.8
 5:56 AM,70.7
 5:56 AM,70.7
 5:56 AM,70.8
 5:56 AM,70.8
 5:56 AM,70.8
 5:57 AM,70.7
 5:57 AM,70.8
 5:57 AM,70.7
 5:57 AM,70.8
 5:57 AM,70.8
 5:57 AM,70.8
 5:58 AM,70.8
 5:58 AM,70.6
 5:58 AM,70.5
 5:58 AM,70.5
 5:58 AM,70.4
 5:58 AM,70.4
 5:59 AM,70.5
 5:59 AM,70.4
 5:59 AM,70.2
 5:59 AM,70.2
 5:59 AM,70.2
 6:00 AM,70.1
 6:00 AM,70.1
 6:00 AM,70.0
 6:00 AM,70.0
 6:00 AM,69.9
 6:00 AM,70.0
 6:01 AM,70.0
 6:01 AM,69.8
 6:01 AM,69.8
 6:01 AM,69.8
 6:01 AM,69.7
 6:01 AM,69.7
 6:02 AM,69.7
 6:02 AM,69.7
 6:02 AM,69.6
 6:02 AM,69.5
 6:02 AM,69.6
 6:03 AM,69.7
 6:03 AM,69.6
 6:03 AM,69.7
 6:03 AM,69.8
 6:03 AM,69.7
 6:03 AM,69.7
 6:04 AM,69.7
 6:04 AM,69.6
 6:04 AM,69.6
 6:04 AM,69.6
 6:04 AM,69.6
 6:04 AM,69.6
 6:05 AM,69.5
 6:05 AM,69.6
 6:05 AM,69.6
 6:05 AM,69.6
 6:05 AM,69.6
 6:05 AM,69.6
 6:06 AM,69.6
 6:06 AM,69.5
 6:06 AM,69.7
 6:06 AM,69.7
 6:06 AM,69.8
 6:07 AM,69.8
 6:07 AM,69.8
 6:07 AM,69.8
 6:07 AM,69.8
 6:07 AM,69.7
 6:07 AM,69.7
 6:08 AM,69.7
 6:08 AM,69.6
 6:08 AM,69.7
 6:08 AM,69.6
 6:08 AM,69.7
 6:08 AM,69.7
 6:09 AM,69.7
 6:09 AM,69.6
 6:09 AM,69.6
 6:09 AM,69.6
 6:09 AM,69.5
 6:10 AM,69.5
 6:10 AM,69.5
 6:10 AM,69.6
 6:10 AM,69.7
 6:10 AM,69.6
 6:10 AM,69.6
 6:11 AM,69.6
 6:11 AM,69.5
 6:11 AM,69.6
 6:11 AM,69.5
 6:11 AM,69.5
 6:11 AM,69.5
 6:12 AM,69.6
 6:12 AM,69.6
 6:12 AM,69.5
 6:12 AM,69.5
 6:12 AM,69.6
 6:13 AM,69.5
 6:13 AM,69.5
 6:13 AM,69.3
 6:13 AM,69.3
 6:13 AM,69.5
 6:13 AM,69.6
 6:14 AM,69.5
 6:14 AM,69.5
 6:14 AM,69.5
 6:14 AM,69.5
 6:14 AM,69.5
 6:14 AM,69.5
 6:15 AM,69.5
 6:15 AM,69.3
 6:15 AM,69.5
 6:15 AM,69.5
 6:15 AM,69.5
 6:15 AM,69.3
 6:16 AM,69.3
 6:16 AM,69.2
 6:16 AM,69.2
 6:16 AM,69.3
 6:16 AM,69.3
 6:17 AM,69.1
 6:17 AM,69.1
 6:17 AM,69.1
 6:17 AM,69.1
 6:17 AM,69.2
 6:17 AM,69.2
 6:18 AM,69.2
 6:18 AM,69.1
 6:18 AM,69.1
 6:18 AM,69.1
 6:18 AM,69.1
 6:18 AM,69.0
 6:19 AM,69.0
 6:19 AM,69.0
 6:19 AM,69.0
 6:19 AM,69.0
 6:19 AM,69.0
 6:20 AM,69.1
 6:20 AM,69.1
 6:20 AM,69.0
 6:20 AM,69.1
 6:20 AM,68.9
 6:20 AM,68.9
 6:21 AM,69.0
 6:21 AM,69.1
 6:21 AM,69.1
 6:21 AM,69.0
 6:21 AM,69.0
 6:21 AM,69.0
 6:22 AM,69.0
 6:22 AM,69.0
 6:22 AM,68.9
 6:22 AM,68.9
 6:22 AM,68.8
 6:22 AM,68.9
 6:23 AM,69.0
 6:23 AM,68.8
 6:23 AM,68.8
 6:23 AM,68.7
 6:23 AM,68.8
 6:24 AM,68.9
 6:24 AM,68.9
 6:24 AM,68.9
 6:24 AM,68.8
 6:24 AM,68.7
 6:24 AM,68.7
 6:25 AM,68.7
 6:25 AM,68.7
 6:25 AM,68.7
 6:25 AM,68.7
 6:25 AM,68.7
 6:25 AM,68.6
 6:26 AM,68.6
 6:26 AM,68.7
 6:26 AM,68.6
 6:26 AM,68.7
 6:26 AM,68.7
 6:27 AM,68.8
 6:27 AM,68.7
 6:27 AM,68.7
 6:27 AM,68.7
 6:27 AM,68.8
 6:27 AM,68.7
 6:28 AM,68.7
 6:28 AM,68.7
 6:28 AM,68.7
 6:28 AM,68.7
 6:28 AM,68.8
 6:28 AM,68.7
 6:29 AM,68.7
 6:29 AM,68.7
 6:29 AM,68.6
 6:29 AM,68.6
 6:29 AM,68.6
 6:29 AM,68.6
 6:30 AM,68.7
 6:30 AM,68.6
 6:30 AM,68.6
 6:30 AM,68.6
 6:30 AM,68.6
 6:31 AM,68.6
 6:31 AM,68.6
 6:31 AM,68.6
 6:31 AM,68.7
 6:31 AM,68.7
 6:31 AM,68.8
 6:32 AM,68.7
 6:32 AM,68.6
 6:32 AM,68.8
 6:32 AM,68.7
 6:32 AM,68.7
 6:32 AM,68.6
 6:33 AM,68.7
 6:33 AM,68.7
 6:33 AM,68.6
 6:33 AM,68.7
 6:33 AM,68.7
 6:34 AM,68.9
 6:34 AM,68.9
 6:34 AM,68.9
 6:34 AM,68.9
 6:34 AM,68.8
 6:34 AM,68.8
 6:35 AM,68.9
 6:35 AM,68.8
 6:35 AM,68.9
 6:35 AM,69.1
 6:35 AM,69.2
 6:35 AM,69.1
 6:36 AM,69.0
 6:36 AM,69.1
 6:36 AM,69.1
 6:36 AM,69.1
 6:36 AM,69.0
 6:37 AM,69.0
 6:37 AM,69.0
 6:37 AM,69.0
 6:37 AM,68.9
 6:37 AM,68.9
 6:37 AM,68.8
 6:38 AM,68.8
 6:38 AM,68.9
 6:38 AM,68.8
 6:38 AM,68.8
 6:38 AM,68.7
 6:38 AM,68.7
 6:39 AM,68.7
 6:39 AM,68.7
 6:39 AM,68.6
 6:39 AM,68.7
 6:39 AM,68.7
 6:39 AM,68.6
 6:40 AM,68.6
 6:40 AM,68.6
 6:40 AM,68.6
 6:40 AM,68.6
 6:40 AM,68.6
 6:41 AM,68.5
 6:41 AM,68.5
 6:41 AM,68.5
 6:41 AM,68.3
 6:41 AM,68.3
 6:41 AM,68.3
 6:42 AM,68.3
 6:42 AM,68.3
 6:42 AM,68.3
 6:42 AM,68.3
 6:42 AM,68.3
 6:42 AM,68.3
 6:43 AM,68.2
 6:43 AM,68.2
 6:43 AM,68.3
 6:43 AM,68.5
 6:43 AM,68.5
 6:44 AM,68.5
 6:44 AM,68.5
 6:44 AM,68.5
 6:44 AM,68.5
 6:44 AM,68.3
 6:44 AM,68.5
 6:45 AM,68.5
 6:45 AM,68.3
 6:45 AM,68.3
 6:45 AM,68.3
 6:45 AM,68.5
 6:46 AM,68.6
 6:46 AM,68.6
 6:46 AM,68.5
 6:46 AM,68.6
 6:46 AM,68.3
 6:46 AM,68.5
 6:46 AM,68.5
 6:47 AM,68.5
 6:47 AM,68.6
 6:47 AM,68.5
 6:47 AM,68.6
 6:47 AM,68.5
 6:48 AM,68.5
 6:48 AM,68.5
 6:48 AM,68.2
 6:48 AM,68.3
 6:48 AM,68.2
 6:48 AM,68.3
 6:49 AM,68.3
 6:49 AM,68.3
 6:49 AM,68.3
 6:49 AM,68.5
 6:49 AM,68.5
 6:49 AM,68.5
 6:50 AM,68.2
 6:50 AM,68.3
 6:50 AM,68.1
 6:50 AM,68.2
 6:50 AM,68.2
 6:51 AM,68.3
 6:51 AM,68.2
 6:51 AM,68.1
 6:51 AM,68.2
 6:51 AM,68.1
 6:51 AM,68.1
 6:52 AM,68.1
 6:52 AM,68.0
 6:52 AM,67.9
 6:52 AM,68.0
 6:52 AM,67.9
 6:52 AM,67.9
 6:53 AM,67.8
 6:53 AM,67.7
 6:53 AM,67.8
 6:53 AM,67.8
 6:53 AM,67.8
 6:53 AM,67.8
 6:54 AM,67.9
 6:54 AM,67.9
 6:54 AM,68.2
 6:54 AM,68.3
 6:54 AM,68.2
 6:55 AM,68.1
 6:55 AM,68.1
 6:55 AM,68.0
 6:55 AM,68.0
 6:55 AM,68.3
 6:55 AM,68.3
 6:56 AM,68.2
 6:56 AM,68.2
 6:56 AM,68.2
 6:56 AM,68.2
 6:56 AM,68.1
 6:56 AM,68.0
 6:57 AM,68.0
 6:57 AM,67.9
 6:57 AM,67.9
 6:57 AM,67.8
 6:57 AM,67.8
 6:58 AM,67.7
 6:58 AM,67.7
 6:58 AM,67.7
 6:58 AM,67.5
 6:58 AM,67.5
 6:58 AM,67.5
 6:59 AM,67.7
 6:59 AM,67.7
 6:59 AM,67.4
 6:59 AM,67.5
 6:59 AM,67.5
 6:59 AM,67.5
 7:00 AM,67.5
 7:00 AM,67.4
 7:00 AM,67.4
 7:00 AM,67.4
 7:00 AM,67.3
 7:01 AM,67.3
 7:01 AM,67.3
 7:01 AM,67.3
 7:01 AM,67.2
 7:01 AM,67.2
 7:01 AM,67.2
 7:02 AM,67.2
 7:02 AM,67.2
 7:02 AM,67.3
 7:02 AM,67.2
 7:02 AM,67.2
 7:02 AM,67.2
 7:03 AM,67.2
 7:03 AM,67.2
 7:03 AM,67.2
 7:03 AM,67.2
 7:03 AM,67.3
 7:03 AM,67.2
 7:04 AM,67.2
 7:04 AM,67.1
 7:04 AM,67.3
 7:04 AM,67.2
 7:04 AM,67.3
 7:05 AM,67.2
 7:05 AM,67.2
 7:05 AM,67.2
 7:05 AM,67.2
 7:05 AM,67.2
 7:05 AM,67.2
 7:06 AM,67.1
 7:06 AM,67.2
 7:06 AM,67.1
 7:06 AM,67.2
 7:06 AM,67.0
 7:06 AM,67.2
 7:07 AM,67.1
 7:07 AM,67.1
 7:07 AM,67.0
 7:07 AM,67.0
 7:07 AM,67.0
 7:08 AM,67.0
 7:08 AM,66.9
 7:08 AM,66.9
 7:08 AM,67.0
 7:08 AM,67.0
 7:08 AM,67.0
 7:09 AM,67.1
 7:09 AM,67.0
 7:09 AM,67.0
 7:09 AM,67.0
 7:09 AM,67.0
 7:09 AM,67.0
 7:10 AM,66.9
 7:10 AM,67.0
 7:10 AM,67.0
 7:10 AM,67.0
 7:10 AM,67.0
 7:10 AM,66.9
 7:11 AM,66.8
 7:11 AM,66.9
 7:11 AM,66.9
 7:11 AM,66.9
 7:11 AM,66.9
 7:12 AM,66.9
 7:12 AM,66.9
 7:12 AM,66.9
 7:12 AM,66.9
 7:12 AM,66.8
 7:12 AM,66.8
 7:13 AM,66.9
 7:13 AM,66.8
 7:13 AM,66.9
 7:13 AM,66.8
 7:13 AM,66.9
 7:13 AM,66.8
 7:14 AM,66.8
 7:14 AM,66.7
 7:14 AM,66.9
 7:14 AM,66.9
 7:14 AM,66.8
 7:15 AM,66.9
 7:15 AM,66.9
 7:15 AM,66.9
 7:15 AM,66.8
 7:15 AM,66.8
 7:15 AM,66.7
 7:16 AM,66.8
 7:16 AM,66.8
 7:16 AM,66.8
 7:16 AM,66.7
 7:16 AM,66.7
 7:16 AM,66.7
 7:17 AM,66.8
 7:17 AM,66.7
 7:17 AM,66.7
 7:17 AM,66.7
 7:17 AM,66.7
 7:17 AM,66.8
 7:18 AM,66.7
 7:18 AM,66.7
 7:18 AM,66.7
 7:18 AM,66.5
 7:18 AM,66.5
 7:19 AM,66.5
 7:19 AM,66.7
 7:19 AM,66.7
 7:19 AM,66.4
 7:19 AM,66.5
 7:19 AM,66.5
 7:20 AM,66.5
 7:20 AM,66.5
 7:20 AM,66.5
 7:20 AM,66.5
 7:20 AM,66.5
 7:20 AM,66.5
 7:21 AM,66.4
 7:21 AM,66.5
 7:21 AM,66.5
 7:21 AM,66.4
 7:21 AM,66.5
 7:22 AM,66.4
 7:22 AM,66.4
 7:22 AM,66.4
 7:22 AM,66.4
 7:22 AM,66.7
 7:22 AM,66.7
 7:23 AM,66.8
 7:23 AM,66.8
 7:23 AM,66.7
 7:23 AM,66.7
 7:23 AM,66.7
 7:23 AM,66.5
 7:24 AM,66.7
 7:24 AM,66.5
 7:24 AM,66.5
 7:24 AM,66.5
 7:24 AM,66.4
 7:25 AM,66.4
 7:25 AM,66.5
 7:25 AM,66.5
 7:25 AM,66.4
 7:25 AM,66.5
 7:25 AM,66.5
 7:26 AM,66.5
 7:26 AM,66.5
 7:26 AM,66.5
 7:26 AM,66.5
 7:26 AM,66.7
 7:26 AM,66.5
 7:27 AM,66.5
 7:27 AM,66.5
 7:27 AM,66.8
 7:27 AM,66.9
 7:27 AM,67.0
 7:27 AM,67.0
 7:28 AM,67.0
 7:28 AM,67.0
 7:28 AM,66.8
 7:28 AM,66.8
 7:28 AM,66.8
 7:29 AM,66.8
 7:29 AM,66.9
 7:29 AM,66.8
 7:29 AM,66.8
 7:29 AM,66.8
 7:29 AM,66.7
 7:30 AM,66.8
 7:30 AM,66.7
 7:30 AM,66.8
 7:30 AM,66.7
 7:30 AM,66.7
 7:30 AM,66.7
 7:31 AM,66.7
 7:31 AM,66.7
 7:31 AM,66.7
 7:31 AM,66.7
 7:31 AM,66.5
 7:32 AM,66.7
 7:32 AM,66.7
 7:32 AM,66.5
 7:32 AM,66.5
 7:32 AM,66.5
 7:32 AM,66.4
 7:33 AM,66.5
 7:33 AM,66.4
 7:33 AM,66.5
 7:33 AM,66.5
 7:33 AM,66.5
 7:33 AM,66.4
 7:34 AM,66.5
 7:34 AM,66.4
 7:34 AM,66.4
 7:34 AM,66.5
 7:34 AM,66.5
 7:34 AM,66.4
 7:35 AM,66.4
 7:35 AM,66.5
 7:35 AM,66.5
 7:35 AM,66.5
 7:35 AM,66.5
 7:36 AM,66.5
 7:36 AM,66.5
 7:36 AM,66.5
 7:36 AM,66.5
 7:36 AM,66.5
 7:36 AM,66.4
 7:37 AM,66.7
 7:37 AM,66.7
 7:37 AM,66.5
 7:37 AM,66.4
 7:37 AM,66.5
 7:37 AM,66.4
 7:38 AM,66.4
 7:38 AM,66.4
 7:38 AM,66.5
 7:38 AM,66.5
 7:38 AM,66.7
 7:39 AM,66.7
 7:39 AM,66.5
 7:39 AM,66.7
 7:39 AM,66.7
 7:39 AM,66.5
 7:39 AM,66.5
 7:40 AM,66.7
 7:40 AM,66.7
 7:40 AM,66.5
 7:40 AM,66.5
 7:40 AM,66.4
 7:40 AM,66.4
 7:41 AM,66.5
 7:41 AM,66.5
 7:41 AM,66.4
 7:41 AM,66.5
 7:41 AM,66.4
 7:41 AM,66.4
 7:42 AM,66.4
 7:42 AM,66.4
 7:42 AM,66.3
 7:42 AM,66.4
 7:42 AM,66.3
 7:43 AM,66.2
 7:43 AM,66.3
 7:43 AM,66.3
 7:43 AM,66.3
 7:43 AM,66.3
 7:43 AM,66.3
 7:44 AM,66.3
 7:44 AM,66.3
 7:44 AM,66.3
 7:44 AM,66.3
 7:44 AM,66.4
 7:44 AM,66.4
 7:45 AM,66.5
 7:45 AM,66.5
 7:45 AM,66.5
 7:45 AM,66.5
 7:45 AM,66.7
 7:46 AM,66.5
 7:46 AM,66.5
 7:46 AM,66.7
 7:46 AM,66.7
 7:46 AM,66.7
 7:46 AM,66.8
 7:47 AM,66.8
 7:47 AM,66.7
 7:47 AM,66.7
 7:47 AM,66.7
 7:47 AM,66.7
 7:47 AM,66.7
 7:48 AM,66.7
 7:48 AM,66.7
 7:48 AM,66.7
 7:48 AM,66.7
 7:48 AM,66.7
 7:48 AM,66.7
 7:49 AM,66.5
 7:49 AM,66.7
 7:49 AM,66.7
 7:49 AM,66.7
 7:49 AM,66.7
 7:50 AM,66.5
 7:50 AM,66.7
 7:50 AM,66.4
 7:50 AM,66.7
 7:50 AM,66.5
 7:50 AM,66.5
 7:51 AM,66.7
 7:51 AM,66.5
 7:51 AM,66.7
 7:51 AM,66.7
 7:51 AM,66.7
 7:51 AM,66.7
 7:52 AM,66.5
 7:52 AM,66.5
 7:52 AM,66.7
 7:52 AM,66.5
 7:52 AM,66.5
 7:53 AM,66.7
 7:53 AM,66.7
 7:53 AM,66.7
 7:53 AM,66.7
 7:53 AM,66.8
 7:53 AM,66.7
 7:54 AM,66.7
 7:54 AM,66.7
 7:54 AM,66.7
 7:54 AM,66.7
 7:54 AM,66.7
 7:54 AM,66.7
 7:55 AM,66.5
 7:55 AM,66.7
 7:55 AM,66.5
 7:55 AM,66.7
 7:55 AM,66.5
 7:56 AM,66.5
 7:56 AM,66.5
 7:56 AM,66.5
 7:56 AM,66.5
 7:56 AM,66.5
 7:56 AM,66.5
 7:57 AM,66.5
 7:57 AM,66.5
 7:57 AM,66.5
 7:57 AM,66.5
 7:57 AM,66.5
 7:57 AM,66.5
 7:58 AM,66.4
 7:58 AM,66.4
 7:58 AM,66.5
 7:58 AM,66.5
 7:58 AM,66.4
 7:58 AM,66.4
 7:59 AM,66.3
 7:59 AM,66.3
 7:59 AM,66.3
 7:59 AM,66.2
 7:59 AM,66.2
 8:00 AM,66.2
 8:00 AM,66.2
 8:00 AM,66.2
 8:00 AM,66.3
 8:00 AM,66.2
 8:00 AM,66.2
 8:01 AM,66.2
 8:01 AM,66.2
 8:01 AM,66.2
 8:01 AM,66.2
 8:01 AM,66.2
 8:01 AM,66.1
 8:02 AM,66.1
 8:02 AM,66.1
 8:02 AM,66.1
 8:02 AM,66.2
 8:02 AM,66.1
 8:03 AM,66.2
 8:03 AM,66.1
 8:03 AM,66.2
 8:03 AM,66.2
 8:03 AM,66.2
 8:03 AM,66.2
 8:04 AM,66.2
 8:04 AM,66.2
 8:04 AM,66.1
 8:04 AM,66.2
 8:04 AM,66.3
 8:04 AM,66.2
 8:05 AM,66.2
 8:05 AM,66.2
 8:05 AM,66.2
 8:05 AM,66.2
 8:05 AM,66.2
 8:05 AM,66.2
 8:06 AM,66.2
 8:06 AM,66.1
 8:06 AM,66.1
